metric,value
halumem_questions_with_evidence,2639
flat_hit5,0.748768
temporal_hit5,0.749526
flat_recall5,0.599387
temporal_recall5,0.600208
flat_invalid_slots,1173
temporal_invalid_slots,0
memory_conflict_questions,769
memory_conflict_flat_hit5,0.849155
memory_conflict_temporal_hit5,0.832250
temporal_wins_memory_conflict,14
temporal_losses_memory_conflict,27
transition_or_retrospective_losses,17
state_at_time_losses,10
evidence_after_question_time_losses,24
linked_update_losses,3
zero_length_interval_losses,1
