user,session,question_index,question,query_group,evidence,evidence_after_question_time,evidence_expired,zero_length_interval
2f1f897e-d67f-dbc5-6a7b-b7634a9e294f,21,2,"Did Martin officially begin his retirement on June 1, 2028?",transition_or_retrospective,"Martin officially started his sabbatical on June 1, 2028, to focus on personal well-being and career reassessment. || Martin plans to engage in stress-reducing activities like yoga retreats and nature hikes during his sabbatical.",True,False,False
2f1f897e-d67f-dbc5-6a7b-b7634a9e294f,43,2,"Did Martin experience a decrease in financial freedom after his salary increase on August 15, 2031?",transition_or_retrospective,"Martin Mark feels a newfound sense of financial freedom following a salary increase on Aug 15, 2031.",True,False,False
8ece194a-885c-8e0c-359e-93a97220252c,5,2,"Did Johnson Joseph's fear of snakes increase after attending the seminar on Apr 09, 2026?",transition_or_retrospective,"Johnson Joseph's perception of snakes changed from fear to curiosity after attending a local wildlife seminar on Apr 09, 2026. || Johnson Joseph shared anecdotes about how his perception of snakes shifted from fear to admiration, resonating with people.",True,False,False
8ece194a-885c-8e0c-359e-93a97220252c,14,0,Did Johnson Joseph lose interest in strategy-based games after his layoff in August 2027?,transition_or_retrospective,Johnson Joseph has developed an interest in strategy-based games after a guest at Albi B&B recommended a popular strategy game.,True,False,False
6106afc1-6ad6-c821-3f0f-b491e3e0b833,34,0,"Did Donald Brown decide to stop participating in endurance events after the half-marathon on Sep 04, 2031?",transition_or_retrospective,"Donald Brown expressed a desire to continue participating in endurance events, valuing the community support and personal achievement.",True,False,False
5c005ed8-0d18-99f8-a20e-6a776a7ea30a,16,2,"Did Sarah Garcia express skepticism about romance novels after the book club meeting on Jan 30, 2028?",transition_or_retrospective,Sarah Garcia expressed excitement about exploring more romance novels that focus on strong character development. || Sarah Garcia discussed her initial skepticism about romance novels during a book club meeting.,True,False,False
ed9b924b-6bc0-67f9-67a1-a36401dd1782,49,0,Did Donna Gonzalez find her cat distracting during her late-night composing session on 2035-11-26?,state_at_time,"Donna Gonzalez finds her cat's presence inspiring and comforting during late-night composing sessions, often sparking new ideas. || Donna Gonzalez's cat quietly observes her from a nearby perch during composing sessions, providing a sense of companionship and inspiration.",True,False,False
2f4b4206-20bc-19a5-a5ed-4d110f91f4db,0,0,Did Williams Donna have children in January 2025?,state_at_time,Williams Donna's child status: No children,True,False,False
2f4b4206-20bc-19a5-a5ed-4d110f91f4db,7,3,Did Donna's strategic shift to mobile device refurbishment begin in 2024?,transition_or_retrospective,Donna decided to shift ReviveTech Solutions' focus to include mobile device refurbishment due to increasing demand in this sector.,False,True,False
2f4b4206-20bc-19a5-a5ed-4d110f91f4db,20,6,Was Donna's health status still 'Below Average' on 2029-11-01?,transition_or_retrospective,Williams Donna's physical health status changed from 'Below Average' to 'Normal'.,False,True,True
2f4b4206-20bc-19a5-a5ed-4d110f91f4db,55,0,"Did Donna establish EcoStrategic Consulting before March 01, 2038?",transition_or_retrospective,"Donna launched EcoStrategic Consulting on July 1, 2038, gaining recognition for her expertise in sustainability and renewable energy solutions.",True,False,False
ffccb278-6ad3-7c1b-e682-44543d5a12cb,0,0,"What is Taylor David's birth date, and is he 20 years old in January 2025?",state_at_time,Taylor David's birth date is 2005-11-06 || Taylor David's age in January 2025 is 19 years old,True,False,False
dd27d8ab-7d2d-acbe-de11-9bc249ea3829,21,0,"Was Ananya Sharma's physical health status 'Good' when she launched her blog on Apr 18, 2027?",state_at_time,Ananya Sharma's physical health status changed from 'Good' to 'Below Average' due to the demands of managing her blog.,True,False,False
2e36c193-a605-8cc7-70ff-80b2336d4980,8,4,"Did Susan Thompson plan to manage her postmenopausal symptoms using medication after her layoff on Oct 22, 2025?",transition_or_retrospective,"Susan Thompson plans to host workshops focusing on natural remedies and lifestyle changes to manage symptoms without medication. || Susan Thompson gained a deeper understanding of her health needs, leading to lifestyle changes and the adoption of natural remedies to manage postmenopausal symptoms without medication.",True,False,False
2e36c193-a605-8cc7-70ff-80b2336d4980,10,2,"Did Susan Thompson find heavy metal ballads stressful during her music therapy session on Apr 25, 2027?",state_at_time,"Susan Thompson discovered that heavy metal ballads have a calming effect when played at a lower volume, altering her music preferences. || Susan Thompson's perception of heavy metal music evolved during a music therapy session, leading to a newfound appreciation for its calming potential. || Susan Thompson's emotional state during the dialogue shifted from skepticism to curiosity and appreciation for heavy metal ballads.",True,False,False
2e36c193-a605-8cc7-70ff-80b2336d4980,31,0,"Did Susan Thompson express reluctance to explore new culinary options on August 7, 2031?",state_at_time,"Susan Thompson expressed curiosity and openness to exploring new culinary options after consulting a nutritionist. || Susan Thompson's emotional state during the dialogue ranged from cautious optimism to excitement, motivating her to continue exploring new culinary options.",True,False,False
4fd09df4-d0df-ff7e-bb39-5f4faedfac2c,6,7,"Did Sharon Brown's social network decrease after her retirement on Dec 03, 2025?",transition_or_retrospective,"Sharon Brown's social relationships increased through a newly formed support group consisting of friends and former colleagues, providing emotional and practical support during her retirement transition. || Sharon Brown formed a new support group with former colleagues to aid her retirement transition and started a book club with them.",True,False,False
1b846c59-456e-9550-dffd-4d23f1eca81f,46,1,"Did Williams Daniel's health improve after founding his studio on June 01, 2032?",transition_or_retrospective,"Williams Daniel's physical health status changed from 'Healthy' to 'Compromised' due to hypertension. || Williams Daniel was diagnosed with hypertension, impacting his health while founding his studio.",True,False,False
bde53a03-5db5-ec95-ed7a-37b16b358336,8,0,"Did Steven Miller decide to increase his caffeine intake on Jul 05, 2026, to boost his energy levels?",transition_or_retrospective,"Steven Miller adjusted his beverage preference from cold brew coffee to cold brew coffee with almond milk on Jul 05, 2026, to reduce caffeine intake while maintaining energy levels. || Steven Miller attended a health seminar on Jul 05, 2026, that influenced his decision to reduce caffeine intake for better sleep quality.",True,False,False
bde53a03-5db5-ec95-ed7a-37b16b358336,9,6,"Did Steven Miller transition to wearing formal suits on Feb 18, 2026?",transition_or_retrospective,"On Feb 18, 2026, Steven Miller transitioned from wearing tailored suits to business casual attire, reflecting industry trends and workplace culture changes.",True,False,False
52e6d9cd-f63e-4065-cbaf-a20347590e07,57,2,"Did Oleksandr express satisfaction with traditional fast food on February 13, 2037?",state_at_time,"Oleksandr now appreciates fast-casual dining options that prioritize fresh and nutritious ingredients, contrasting them with traditional fast food. || Oleksandr expressed satisfaction in finding dining options that align with his health goals and taste preferences. || Oleksandr shared past experiences with fast food, leading to a preference for healthier alternatives.",True,False,False
348492a7-cfe4-ee1d-73c3-c276d6ba8277,11,0,"Did Donald Smith decide to embrace structured travel over backpacking on Jul 26, 2027?",transition_or_retrospective,"On Jul 26, 2027, Donald Smith decided to delete his previous dislike for backpacking due to its potential benefits for spontaneous interactions during campaigning. || Donald Smith pondered the balance between structured travel and spontaneity, ultimately deciding to embrace backpacking on Jul 26, 2027.",True,False,False
348492a7-cfe4-ee1d-73c3-c276d6ba8277,28,6,Did Donald feel only stress without any accomplishment after his promotion on 2029-11-20?,transition_or_retrospective,Donald Smith feels a sense of accomplishment and pride in his promotion to Senior Political Advisor.,True,False,False
348492a7-cfe4-ee1d-73c3-c276d6ba8277,28,7,Did Donald lose contact with his key supporters after his promotion on 2029-11-20?,transition_or_retrospective,"Donald expressed gratitude for the support from key contacts MooreSandra, GonzalezMary, and NewContactEmily during his promotion to Senior Political Advisor.",True,False,False
42f702e3-750c-1acc-9101-051f1f75991e,7,0,"Did Karen Brown express a dislike for small dogs during her visit on Nov 09, 2026?",state_at_time,"Karen Brown spent time with a friend's large dog, which was gentle and well-trained, leading her to reconsider her previous dislike for large dogs. || Karen Brown now appreciates large dogs after realizing they can be gentle and fit into her busy lifestyle.",True,False,False
42f702e3-750c-1acc-9101-051f1f75991e,14,8,Does Karen Brown find freelancing restrictive in managing her health as of October 2027?,state_at_time,"Karen Brown values the flexibility of freelancing, allowing her to adapt her work hours to prioritize health management. || Karen Brown expressed satisfaction with her ability to work from home, which helps manage her health condition.",False,True,False
9ca7c5ff-487c-ba5d-04f6-05f27d35ba2a,17,9,"Did Christopher Anderson launch mobility programs on Apr 05, 2027?",state_at_time,"Christopher Anderson launched mobility programs for seniors on April 20, 2027, aimed at improving physical health and social engagement.",True,False,False
